id;company;last_name;first_name;email_address;job_title;business_phone;home_phone;mobile_phone;fax_number;address;city;state_province;zip_postal_code;country_region;web_page;notes;attachments;attachments_content_type
1;Isle;Bradtke;Genoveva;connecting Global;Global Infrastructure Planner;backing interface;withdrawal;Representative;teal reboot invoice;../fake-data/blob/hipster.txt;Wisozkport;schemas Electronics;Research Automo;Steel JBOD Greece;../fake-data/blob/hipster.txt;../fake-data/blob/hipster.txt;../fake-data/blob/hipster.png;image/png
2;Rubber Central standardization;Purdy;Antonietta;Customer Tuna architecture;Senior Operations Developer;standardization Borders A;District Graphic;next-generation viral;Concrete Synergized;../fake-data/blob/hipster.txt;Waelchiport;Investment Extensions application;Mouse magnetic ;Account definition Computer;../fake-data/blob/hipster.txt;../fake-data/blob/hipster.txt;../fake-data/blob/hipster.png;image/png
3;quantify;Huels;Duane;Gorgeous Fantastic;Human Markets Representative;Azerbaijanian plug-and-pl;redundant;structure payment;eco-centric Borders;../fake-data/blob/hipster.txt;East Felicita;array transmit;RAM synthesize ;Bedfordshire Response Isle;../fake-data/blob/hipster.txt;../fake-data/blob/hipster.txt;../fake-data/blob/hipster.png;image/png
4;leverage Executive target;Frami;Alexis;blue Borders;Product Accounts Coordinator;Health Pa'anga;Center District;Corporate network;Account;../fake-data/blob/hipster.txt;Botsfordfort;paradigms program Keyboard;wireless;green;../fake-data/blob/hipster.txt;../fake-data/blob/hipster.txt;../fake-data/blob/hipster.png;image/png
5;Computer Soft;Boyle;Lavada;content-based Account;Customer Communications Liaison;Internal Granite;purple red;Focused;Row Fantastic Object-base;../fake-data/blob/hipster.txt;Port Kailee;Central;killer input;GB;../fake-data/blob/hipster.txt;../fake-data/blob/hipster.txt;../fake-data/blob/hipster.png;image/png
6;Music Gorgeous;Torphy;Evangeline;Fish;Global Data Manager;Squares Buckinghamshire B;National Ergonomic Integr;bypassing ROI;Intranet Iowa;../fake-data/blob/hipster.txt;Skileshaven;driver;Account Bedford;copying Internal;../fake-data/blob/hipster.txt;../fake-data/blob/hipster.txt;../fake-data/blob/hipster.png;image/png
7;Sandwich hardware;Brakus;Jammie;payment;Dynamic Division Consultant;Gateway pixel services;compelling Home convergen;COM Granite;Idaho withdrawal;../fake-data/blob/hipster.txt;Eagan;Unbranded Granite Wyoming;District Buckin;Product;../fake-data/blob/hipster.txt;../fake-data/blob/hipster.txt;../fake-data/blob/hipster.png;image/png
8;invoice;Johnson;Dena;deposit;Chief Interactions Strategist;bricks-and-clicks Legacy;holistic capability Focus;Accountability Cameroon;navigate indexing COM;../fake-data/blob/hipster.txt;South Alizeberg;Interface dot-com;Avon experience;application Mouse deposit;../fake-data/blob/hipster.txt;../fake-data/blob/hipster.txt;../fake-data/blob/hipster.png;image/png
9;Mission India JSON;Bradtke;Dorothea;Representative;Legacy Paradigm Coordinator;teal Computer;card;Associate;info-mediaries;../fake-data/blob/hipster.txt;South Tierra;calculating Steel;Garden feed Ala;Orchestrator Wisconsin;../fake-data/blob/hipster.txt;../fake-data/blob/hipster.txt;../fake-data/blob/hipster.png;image/png
10;driver Concrete;Gutkowski;Adrain;Intelligent French;Product Accounts Manager;bandwidth;Computer fuchsia parse;Micronesia;deposit Re-contextualized;../fake-data/blob/hipster.txt;East Princessburgh;Human Corporate connecting;Direct invoice ;China Bedfordshire next-generation;../fake-data/blob/hipster.txt;../fake-data/blob/hipster.txt;../fake-data/blob/hipster.png;image/png
